H [mm],Nγ [ ],γAH' [N],Pmax [N]
90.0,7.178479040827641,1.2649815809964386,9.080643766215948
90.0,13.881967051012698,0.6309417572476642,8.758712685220127
90.0,9.291624704333245,1.2649815809964386,11.753734108513035
90.0,17.113596941773643,0.6309417572476642,10.797682927270914
90.0,11.142517024530566,1.2649815809964386,14.095078801970407
90.0,3.914029800590126,2.407742793558479,9.423977046144007
60.0,3.056072119469309,1.4518624866809922,4.436996466849161
90.0,2.2732688628551454,4.900035892548349,11.139099021402782
90.0,4.64662702170877,2.407742793558479,11.187882725873392
90.0,5.004871747174982,2.407742793558479,12.050443881944998
120.0,6.2844936980971084,3.363623100435967,21.138668177463693
120.0,6.652694881455251,3.363623100435967,22.377158183415002
150.0,8.307339135203517,4.319503407313454,35.88357970022
60.0,3.9699096376245393,1.4518624866809922,5.7637628783804
90.0,2.9780576562549204,4.900035892548348,14.592589405727521
90.0,5.768971928827077,2.407742793558479,13.890200587874554
120.0,7.839083839578151,3.363623100435967,26.367723489059344
120.0,8.307445789322596,3.3636231004359676,27.943116562584994
150.0,10.757543064708598,4.319503407313454,46.467243922330006
90.0,6.838655140256832,2.407742793558479,16.465722631585038
90.0,7.041238280986825,2.407742793558479,16.95349072877412
90.0,7.478834639969814,2.407742793558479,18.007110208602843
90.0,3.6741270874363527,2.602118613166494,9.560514481357332
60.0,3.2700205430053524,1.6462383062890062,5.383233080247388
90.0,1.44016197686507,10.369720768245529,14.934077561135252
90.0,2.839659680642661,4.984261161403871,14.153605457831734
90.0,5.004374008140236,2.602118613166494,13.02197475382832
90.0,5.637384843963455,2.602118613166494,14.669144032059997
120.0,6.89808309106465,3.5579989200439814,24.543372188381674
120.0,7.148199999769987,3.5579989200439814,25.43328787944
150.0,9.383890546864189,4.5138792269214685,42.357748607195
60.0,4.12339039622626,1.6462383062890062,6.788083222051873
90.0,2.0958855122872575,10.369720768245529,21.733747524630093
90.0,3.743928080351473,4.984261161403871,18.660715321985197
90.0,6.294062538701505,2.602118613166494,16.377897284389142
90.0,6.143208541776489,2.602118613166494,15.985357291119998
120.0,8.337585013585882,3.5579989200439814,29.665118474113452
120.0,8.579410442313362,3.557998920043982,30.525533088365002
150.0,10.608928807049612,4.5138792269214685,47.88742336203
90.0,4.180402914445543,4.984261161403871,20.83621988549047
90.0,6.646471354301554,2.602118613166494,17.29490682290599
90.0,4.403534418765457,4.984261161403871,21.948365576357833
90.0,6.923916774587893,2.602118613166494,18.01685271517087
90.0,4.791086407714096,4.984261161403871,23.880025902899362
90.0,6.732722337393618,2.602118613166494,17.519342111413756
90.0,3.867266283667493,2.714341544941135,10.497081539108784
90.0,2.4504358050363866,7.80636603968365,19.128998850860913
90.0,5.753506532654693,2.714341544941135,15.61698181067485
90.0,5.248575821158849,2.714341544941135,14.246427403144997
120.0,7.308827986931635,3.6702218518186225,26.82502018882
90.0,3.0378016397247047,7.80636603968365,23.71419155564224
90.0,6.53343103042875,2.714341544941135,17.733963276900326
90.0,7.040073020438337,2.714341544941135,19.109162678795
120.0,9.026304668949251,3.670221851818622,33.128540637149996
150.0,12.354234515829102,4.62610215869611,57.151950962715
90.0,6.490280628669575,2.714341544941135,17.616838348724496
90.0,5.841770439060721,2.796494432774508,16.336478510379997
120.0,8.065725206209525,3.7523747396519953,30.265623520755
150.0,9.707662882773441,4.708255046529483,45.706152757825
90.0,6.535143178827355,2.796494432774508,18.275491516975
120.0,9.709271642062559,3.7523747396519957,36.432825650095
150.0,12.649449150831396,4.708255046529483,59.55683280022
90.0,4.283098655963808,2.8676409206324625,12.282388972947716
90.0,4.96285592832992,2.8676409206324625,14.231688743282286
90.0,5.738508071718516,2.8676409206324625,16.455980569839703
90.0,6.095707570260637,2.8676409206324625,17.480300468688483
90.0,6.088912937022851,2.8676409206324625,17.46081590037512
60.0,0.4779401534387438,12.686553756655917,6.063413449065
60.0,1.911760613754975,5.1802436279630815,9.903385737594999
60.0,4.301461380948694,3.530463769665571,15.186153562054997
60.0,7.647042455019899,2.97049050637066,22.715467014449995
90.0,6.850950529703798,2.8676409206324625,19.646066084207256
90.0,0.7169102301581156,18.79699099651277,13.475755141589996
90.0,2.8676409206324625,7.314420945551615,20.975132814195
90.0,6.452192071423041,4.62922295061071,29.868635618779997
90.0,11.47056368252985,3.7858205473083117,43.42549567853
120.0,0.9558803068774875,28.520166240734234,27.26186525839
120.0,3.82352122750995,9.521379693963071,36.405197375049994
120.0,8.602922761897387,5.834433818969313,50.193183503995
120.0,15.294084910039798,4.588025156230638,70.16964630878999
150.0,10.753653452371735,7.1554862437755125,76.94761934877499
150.0,19.11760613754975,5.0533439474908,96.60783926570001
112.5,4.895049004186209,4.702622643668906,23.019568288954993
112.5,4.733226170168934,5.301448329963154,25.092953975179995
112.5,6.232124569828568,5.301448329963154,33.039286392840005
135.0,4.540262349425165,8.126131928259868,36.894770840339994
135.0,5.546258298557579,8.126131928259868,45.069626642284994
135.0,4.513264584587113,9.16090271417633,41.345577782739994
135.0,5.676390158362845,9.16090271417633,52.00085800847
157.5,4.032106230431492,12.90399653422748,52.030284823125
157.5,5.186112362796475,12.903996534227478,66.92157595564
157.5,4.337763649007581,14.547174217418897,63.10220351609999
157.5,5.511172806024173,14.547174217418895,80.171990951535
180.0,4.914558910008103,19.261942348467834,94.663950392725
180.0,4.202124769369198,21.714732359529076,91.24801470819999
180.0,5.129852519460928,21.71473235952908,111.39337450395
90.0,3.124406794331406,2.27563655153591,7.110014303047688
120.0,3.6695975731738844,3.179070328201449,11.66590876131714
90.0,3.844625440186003,2.27563655153591,8.748970178652105
120.0,4.832645352635988,3.1790703282014485,15.363319447285697
90.0,5.126437591030692,2.27563655153591,11.66590876131714
90.0,3.2123273948227724,2.459347503145079,7.900229357741922
120.0,3.8520594865606634,3.3627812798106187,12.953633530123103
90.0,4.013608635406087,2.459347503145079,9.870858376087488
120.0,5.334525203496565,3.3627812798106187,17.93884149099618
90.0,4.513415596812755,2.459347503145079,11.100057378677505
90.0,3.406557708988247,2.565413070509715,8.739227672084079
90.0,3.9123116303007657,2.565413070509715,10.036695392280755
90.0,4.494157690944636,2.5654130705097145,11.529370881281128
90.0,2.9004847645580627,2.710301329996618,7.861187715016644
90.0,3.9083492861532076,2.710301329996618,10.59280426835237
60.0,7.227470213324313,2.1028293246606875,15.198136307690001
90.0,4.484252995780877,2.710301329996618,12.153676858506229
90.0,2.710301329996618,4.865836047655062,13.187881911505
90.0,10.841205319986472,2.778716061842152,30.124631352374994
120.0,0.9034337766655393,16.564586277849788,14.965006739900002
120.0,3.613735106662157,6.246454059377551,22.573030326524997
150.0,10.163629987487317,5.1358986019777255,52.199373043755
90.0,2.5042828618879343,2.277141211982902,5.702605711267501
90.0,3.4845766043752264,2.277141211982902,7.934872992134269
90.0,2.599380370361816,2.4609736340449784,6.3970065563144995
90.0,3.664267371207922,2.4609736340449784,9.017665388633999
90.0,2.8025219020884444,2.567109332408298,7.1943801291299
90.0,3.896360070841784,2.567109332408298,10.002382300281
90.0,3.169645717991648,2.6448060561070537,8.383098190658101
90.0,4.267318714007689,2.6448060561070537,11.2862303781465
60.0,7.232249046989322,2.0058864696057555,14.507070508175001
90.0,2.712093392620996,4.102303697070652,11.12583075135
90.0,10.848373570483986,2.498881057491144,27.10879521987
120.0,0.9040311308736654,13.448923414451604,12.1582454434
120.0,3.6161245234946615,5.4418467710889535,19.678395562035004
150.0,10.170350222328736,4.3678012137642535,44.422068045494996
90.0,2.307179873097059,2.245524007983816,5.1808277957765
90.0,3.1309339370157696,2.245524007983816,7.030587322980199
90.0,2.5648483526785366,2.4268039896616953,6.2243842151574995
90.0,3.512977177883022,2.4268039896616953,8.525307030877
90.0,2.530092157302905,2.5314660358821093,6.404842363863999
90.0,3.552543446486837,2.5314660358821093,8.993143075776999
90.0,2.896127983164541,2.6080839713395747,7.553344971839449
90.0,3.696002757514524,2.6080839713395747,9.639485549900499
60.0,7.131832132883349,1.874711087323301,13.370124772445001
90.0,2.6744370498312557,3.845984016056384,10.2858421456
90.0,10.697748199325023,2.3689829686638175,25.342783287255
120.0,0.8914790166104186,12.382651750017637,11.038874205135002
120.0,3.5659160664416745,5.0206241136670995,17.90312419049
150.0,10.02913893686721,4.318887197873456,43.31471976013
90.0,3.5218313575786,2.485311826104681,8.752849122536398
90.0,5.176136185527553,2.485311826104681,12.864312475419998
90.0,4.088457914338564,2.685949753242497,10.98139252616
90.0,4.7314933714333804,2.685949753242497,12.70855345347
90.0,4.349572972216286,2.8017881144851637,12.186581856641498
90.0,5.167724657662248,2.8017881144851637,14.478869524769998
90.0,4.420630494332941,2.886587680380313,12.760537524455
90.0,5.760695945137248,2.886587680380313,16.62875394565
60.0,7.893403356467746,2.4623118073269867,19.436020284625
90.0,2.9600262586754047,5.658886789396502,16.750453491485
90.0,11.840105034701619,3.078090290534187,36.44491234621999
120.0,0.9866754195584684,20.029464966101663,19.76258074896
120.0,3.946701678233873,7.404793595622816,29.224511310820002
150.0,11.10009847003277,5.9073088741929345,65.57171019644
112.5,3.5168210525430683,4.854124660360705,17.071087797225
112.5,4.157326331706824,4.854124660360705,20.180180267905
112.5,3.3581320745827803,5.472242411103835,18.37651276062
112.5,4.168968830528862,5.472242411103835,22.813608044989998
135.0,2.8801228694439933,8.387927413103299,24.158261569715002
135.0,3.702714432101813,8.387927413103299,31.05809988792
135.0,3.4935744388027303,9.456034886387428,33.03536177151
135.0,4.4798371852251835,9.456034886387428,42.361496708824994
135.0,4.472371464881699,9.456034886387428,42.290900596804995
157.5,2.8478274328854365,13.319718068029776,37.932258512435
157.5,3.8114050829323842,13.319718068029776,50.766841147715006
157.5,3.2691305756265865,15.015833176068922,49.088719354394996
157.5,3.1540534579163344,15.015833176068924,47.360740552475
180.0,2.6092830157112483,19.882494608837447,51.879055492810004
180.0,3.0976999912651424,19.882494608837447,61.590003376125
180.0,2.4372460241465412,22.41430491588131,54.62917554023999
180.0,3.0189191140255085,22.41430491588131,67.66697353815
